"","Origin","Target","Distance"
"1","Barking and Dagenham","Barking and Dagenham",0
"2","Barking and Dagenham","Barne",25.1001577196178
"3","Barking and Dagenham","Bexley",9.26479444102809
"4","Barking and Dagenham","Brent",27.8559105937719
"5","Barking and Dagenham","Bromley",19.9541754887053
"6","Barking and Dagenham","Camden",20.1570827194613
"7","Barking and Dagenham","City of London",15.995126517608
"8","Barking and Dagenham","Croydon",20.6545910929654
"9","Barking and Dagenham","Ealing",25.9785928441684
"10","Barking and Dagenham","Enfield",32.293099162573
"11","Barking and Dagenham","Greenwich",19.3654338872199
"12","Barking and Dagenham","Hackney",9.4264387822055
"13","Barking and Dagenham","Hammersmith and Fulham",13.6588763531111
"14","Barking and Dagenham","Haringey",25.1602033272573
"15","Barking and Dagenham","Harrow",17.4640799089246
"16","Barking and Dagenham","Havering",33.4282882500936
"17","Barking and Dagenham","Hillingdon",6.4157590281535
"18","Barking and Dagenham","Hounslow",40.1505091074027
"19","Barking and Dagenham","Islington",35.664943741549
"20","Barking and Dagenham","Kensington and Chelsea",16.8907445033979
"21","Barking and Dagenham","Kingston upon Thames",23.0752325502849
"22","Barking and Dagenham","Lambeth",33.9603481306355
"23","Barking and Dagenham","Lewisham",20.1343196454422
"24","Barking and Dagenham","Merton",15.0604699654264
"25","Barking and Dagenham","Newham",27.368241797705
"26","Barking and Dagenham","Redbridge",6.90049041749421
"27","Barking and Dagenham","Richmond upon Thames",6.10780501705273
"28","Barking and Dagenham","Southwark",32.9227398751449
"29","Barking and Dagenham","Sutton",16.3427777698571
"30","Barking and Dagenham","Tower Hamlets",29.592452260746
"31","Barking and Dagenham","Waltham Forest",12.0602309390505
"32","Barking and Dagenham","Wandsworth",11.541475192184
"33","Barking and Dagenham","Westminster",24.4209977900021
"34","Barne","Barking and Dagenham",25.1001577196178
"35","Barne","Barne",0
"36","Barne","Bexley",29.9232266313734
"37","Barne","Brent",7.54316130521223
"38","Barne","Bromley",32.6618667277671
"39","Barne","Camden",8.56028188696953
"40","Barne","City of London",13.935492823232
"41","Barne","Croydon",11.9165772130141
"42","Barne","Ealing",30.2291441230266
"43","Barne","Enfield",13.3653259376174
"44","Barne","Greenwich",9.34591125916432
"45","Barne","Hackney",24.2356166780728
"46","Barne","Hammersmith and Fulham",12.3958387633581
"47","Barne","Haringey",13.4821147130238
"48","Barne","Harrow",7.65487083227099
"49","Barne","Havering",9.31654350691962
"50","Barne","Hillingdon",30.4029982286218
"51","Barne","Hounslow",18.3163037656987
"52","Barne","Islington",19.6615963424033
"53","Barne","Kensington and Chelsea",10.2102917111572
"54","Barne","Kingston upon Thames",12.831360237835
"55","Barne","Lambeth",25.9313571226556
"56","Barne","Lewisham",19.130887746611
"57","Barne","Merton",22.8354483254032
"58","Barne","Newham",22.9398285613935
"59","Barne","Redbridge",19.8195568135995
"60","Barne","Richmond upon Thames",20.0907982857231
"61","Barne","Southwark",20.5410236790253
"62","Barne","Sutton",18.3767973235578
"63","Barne","Tower Hamlets",28.3363362774986
"64","Barne","Waltham Forest",16.4998278810728
"65","Barne","Wandsworth",13.8891407923122
"66","Barne","Westminster",18.3228787222309
"67","Bexley","Barking and Dagenham",9.26479444102809
"68","Bexley","Barne",29.9232266313734
"69","Bexley","Bexley",0
"70","Bexley","Brent",30.4745446411824
"71","Bexley","Bromley",11.7335511286647
"72","Bexley","Camden",22.8826535926408
"73","Bexley","City of London",17.3597867149612
"74","Bexley","Croydon",21.8281560966484
"75","Bexley","Ealing",19.8200469999732
"76","Bexley","Enfield",33.5784068845919
"77","Bexley","Greenwich",26.4736872197998
"78","Bexley","Hackney",6.21711923163597
"79","Bexley","Hammersmith and Fulham",17.5275823898088
"80","Bexley","Haringey",25.5083690279468
"81","Bexley","Harrow",22.5404117749532
"82","Bexley","Havering",36.847716162126
"83","Bexley","Hillingdon",12.5983150026952
"84","Bexley","Hounslow",41.7967233191916
"85","Bexley","Islington",35.3429860968899
"86","Bexley","Kensington and Chelsea",20.0626079930977
"87","Bexley","Kingston upon Thames",23.6674959493159
"88","Bexley","Lambeth",30.9370809160245
"89","Bexley","Lewisham",18.13161198498
"90","Bexley","Merton",11.389721083941
"91","Bexley","Newham",24.2815834941481
"92","Bexley","Redbridge",10.3393389629872
"93","Bexley","Richmond upon Thames",14.6284974784047
"94","Bexley","Southwark",31.6685674743169
"95","Bexley","Sutton",15.1092531421952
"96","Bexley","Tower Hamlets",24.8202378859027
"97","Bexley","Waltham Forest",13.7249268106759
"98","Bexley","Wandsworth",18.3051603236201
"99","Bexley","Westminster",22.8538770850035
"100","Brent","Barking and Dagenham",27.8559105937719
"101","Brent","Barne",7.54316130521223
"102","Brent","Bexley",30.4745446411824
"103","Brent","Brent",0
"104","Brent","Bromley",30.3822544936967
"105","Brent","Camden",7.77438869849197
"106","Brent","City of London",13.1196422102878
"107","Brent","Croydon",8.98024557710251
"108","Brent","Ealing",25.8592170421387
"109","Brent","Enfield",5.94379292429971
"110","Brent","Greenwich",16.1908364086418
"111","Brent","Hackney",24.3151804742654
"112","Brent","Hammersmith and Fulham",14.1978915613409
"113","Brent","Haringey",7.78609456109198
"114","Brent","Harrow",11.6639171599146
"115","Brent","Havering",6.70098059090569
"116","Brent","Hillingdon",33.8573565016329
"117","Brent","Hounslow",12.4794288410907
"118","Brent","Islington",12.1220719963684
"119","Brent","Kensington and Chelsea",10.9839237170444
"120","Brent","Kingston upon Thames",8.25902074280819
"121","Brent","Lambeth",19.0298729106975
"122","Brent","Lewisham",15.6019209871646
"123","Brent","Merton",21.1133472624687
"124","Brent","Newham",17.2414993548039
"125","Brent","Redbridge",21.4716295841001
"126","Brent","Richmond upon Thames",24.0134736680712
"127","Brent","Southwark",13.2483508596146
"128","Brent","Sutton",16.3956729498009
"129","Brent","Tower Hamlets",22.7360075379259
"130","Brent","Waltham Forest",16.8610830483565
"131","Brent","Wandsworth",18.1210364344056
"132","Brent","Westminster",13.1401927014914
"133","Bromley","Barking and Dagenham",19.9541754887053
"134","Bromley","Barne",32.6618667277671
"135","Bromley","Bexley",11.7335511286647
"136","Bromley","Brent",30.3822544936967
"137","Bromley","Bromley",0
"138","Bromley","Camden",24.2334253131223
"139","Bromley","City of London",18.7406085173144
"140","Bromley","Croydon",21.5594798128179
"141","Bromley","Ealing",9.83529716194732
"142","Bromley","Enfield",31.4218372347173
"143","Bromley","Greenwich",32.4985839079622
"144","Bromley","Hackney",11.3996094879641
"145","Bromley","Hammersmith and Fulham",21.5845013237711
"146","Bromley","Haringey",23.3619167577674
"147","Bromley","Harrow",26.6868596780173
"148","Bromley","Havering",37.0784877405571
"149","Bromley","Hillingdon",24.2844611529376
"150","Bromley","Hounslow",39.361237384847
"151","Bromley","Islington",30.9712349551804
"152","Bromley","Kensington and Chelsea",22.6249746040387
"153","Bromley","Kingston upon Thames",22.2221381195011
"154","Bromley","Lambeth",23.6265918660346
"155","Bromley","Lewisham",14.9159321159665
"156","Bromley","Merton",9.84873973185672
"157","Bromley","Newham",17.8219142488129
"158","Bromley","Redbridge",17.2593366696986
"159","Bromley","Richmond upon Thames",23.8296803756966
"160","Bromley","Southwark",26.5124467619949
"161","Bromley","Sutton",14.3409190816153
"162","Bromley","Tower Hamlets",15.9911986505938
"163","Bromley","Waltham Forest",17.0773174251915
"164","Bromley","Wandsworth",25.0992568456456
"165","Bromley","Westminster",18.7791001316656
"166","Camden","Barking and Dagenham",20.1570827194613
"167","Camden","Barne",8.56028188696953
"168","Camden","Bexley",22.8826535926408
"169","Camden","Brent",7.77438869849197
"170","Camden","Bromley",24.2334253131223
"171","Camden","Camden",0
"172","Camden","City of London",5.7427541962336
"173","Camden","Croydon",3.67142164854778
"174","Camden","Ealing",21.8085376474649
"175","Camden","Enfield",12.3340924755061
"176","Camden","Greenwich",12.6099723967964
"177","Camden","Hackney",16.8108518875738
"178","Camden","Hammersmith and Fulham",6.55884939236749
"179","Camden","Haringey",7.21189862474782
"180","Camden","Harrow",5.99367612599619
"181","Camden","Havering",13.9651434020334
"182","Camden","Hillingdon",26.2685790445073
"183","Camden","Hounslow",20.0002480970371
"184","Camden","Islington",16.8833161490867
"185","Camden","Kensington and Chelsea",3.27974183374291
"186","Camden","Kingston upon Thames",5.57651822261539
"187","Camden","Lambeth",19.7939328522653
"188","Camden","Lewisham",10.6487253485884
"189","Camden","Merton",14.483698654856
"190","Camden","Newham",15.4277340759837
"191","Camden","Redbridge",13.6980368776956
"192","Camden","Richmond upon Thames",16.7525725511927
"193","Camden","Southwark",15.7699895298322
"194","Camden","Sutton",9.89545545848232
"195","Camden","Tower Hamlets",20.5493365267796
"196","Camden","Waltham Forest",9.17445785321427
"197","Camden","Wandsworth",11.3486569202789
"198","Camden","Westminster",10.6913682290357
"199","City of London","Barking and Dagenham",15.995126517608
"200","City of London","Barne",13.935492823232
"201","City of London","Bexley",17.3597867149612
"202","City of London","Brent",13.1196422102878
"203","City of London","Bromley",18.7406085173144
"204","City of London","Camden",5.7427541962336
"205","City of London","City of London",0
"206","City of London","Croydon",4.72248355900886
"207","City of London","Ealing",17.7015592457831
"208","City of London","Enfield",16.5817382046052
"209","City of London","Greenwich",15.1974503210784
"210","City of London","Hackney",11.1970988485122
"211","City of London","Hammersmith and Fulham",4.67027636446006
"212","City of London","Haringey",9.1674264952598
"213","City of London","Harrow",8.51397215211698
"214","City of London","Havering",19.5858335342875
"215","City of London","Hillingdon",22.3700263751623
"216","City of London","Hounslow",24.6924338908879
"217","City of London","Islington",19.6818185215041
"218","City of London","Kensington and Chelsea",3.98623387578023
"219","City of London","Kingston upon Thames",7.08010605513066
"220","City of London","Lambeth",19.5133035057142
"221","City of London","Lewisham",6.97496300949942
"222","City of London","Merton",8.90173095293341
"223","City of London","Newham",13.7139855132263
"224","City of London","Redbridge",9.12665321909184
"225","City of London","Richmond upon Thames",14.1086819002923
"226","City of London","Southwark",17.2317270099587
"227","City of London","Sutton",4.64880495504911
"228","City of London","Tower Hamlets",17.9483398511332
"229","City of London","Waltham Forest",4.01308835919027
"230","City of London","Wandsworth",10.4424241974909
"231","City of London","Westminster",9.52074207929855
"232","Croydon","Barking and Dagenham",20.6545910929654
"233","Croydon","Barne",11.9165772130141
"234","Croydon","Bexley",21.8281560966484
"235","Croydon","Brent",8.98024557710251
"236","Croydon","Bromley",21.5594798128179
"237","Croydon","Camden",3.67142164854778
"238","Croydon","City of London",4.72248355900886
"239","Croydon","Croydon",0
"240","Croydon","Ealing",18.3129052392094
"241","Croydon","Enfield",11.8793968044736
"242","Croydon","Greenwich",16.1201250673843
"243","Croydon","Hackney",15.6143633090976
"244","Croydon","Hammersmith and Fulham",8.00472563326081
"245","Croydon","Haringey",4.66271530308018
"246","Croydon","Harrow",9.31346062269968
"247","Croydon","Havering",15.6553971154489
"248","Croydon","Hillingdon",26.9946788739992
"249","Croydon","Hounslow",20.0328513667573
"250","Croydon","Islington",15.1337700576614
"251","Croydon","Kensington and Chelsea",5.22795789122122
"252","Croydon","Kingston upon Thames",2.59061203817003
"253","Croydon","Lambeth",16.5010157471692
"254","Croydon","Lewisham",7.24886586336604
"255","Croydon","Merton",12.1384138797572
"256","Croydon","Newham",11.792664629706
"257","Croydon","Redbridge",13.8224074594382
"258","Croydon","Richmond upon Thames",18.2529214320779
"259","Croydon","Southwark",13.1600131303792
"260","Croydon","Sutton",7.41783009077059
"261","Croydon","Tower Hamlets",16.878175316411
"262","Croydon","Waltham Forest",8.7353372223989
"263","Croydon","Wandsworth",13.6170920514424
"264","Croydon","Westminster",7.06739760414193
"265","Ealing","Barking and Dagenham",25.9785928441684
"266","Ealing","Barne",30.2291441230266
"267","Ealing","Bexley",19.8200469999732
"268","Ealing","Brent",25.8592170421387
"269","Ealing","Bromley",9.83529716194732
"270","Ealing","Camden",21.8085376474649
"271","Ealing","City of London",17.7015592457831
"272","Ealing","Croydon",18.3129052392094
"273","Ealing","Ealing",0
"274","Ealing","Enfield",25.162284547313
"275","Ealing","Greenwich",32.8910030296029
"276","Ealing","Hackney",16.5560544327619
"277","Ealing","Hammersmith and Fulham",21.9710254001507
"278","Ealing","Haringey",18.1046472311515
"279","Ealing","Harrow",26.1856553056501
"280","Ealing","Havering",32.2276856375896
"281","Ealing","Hillingdon",31.4834782107858
"282","Ealing","Hounslow",32.3984054399076
"283","Ealing","Islington",23.1332691913095
"284","Ealing","Kensington and Chelsea",21.547437385
"285","Ealing","Kingston upon Thames",17.7963573511297
"286","Ealing","Lambeth",14.3715312992313
"287","Ealing","Lewisham",11.1703404466445
"288","Ealing","Merton",11.3397318456884
"289","Ealing","Newham",9.77979939231018
"290","Ealing","Redbridge",20.9624129777817
"291","Ealing","Richmond upon Thames",28.0150112312737
"292","Ealing","Southwark",18.4426188808384
"293","Ealing","Sutton",13.2590430811467
"294","Ealing","Tower Hamlets",6.34103947191993
"295","Ealing","Waltham Forest",18.2148732240236
"296","Ealing","Wandsworth",27.0536446634796
"297","Ealing","Westminster",12.7698064238255
"298","Enfield","Barking and Dagenham",32.293099162573
"299","Enfield","Barne",13.3653259376174
"300","Enfield","Bexley",33.5784068845919
"301","Enfield","Brent",5.94379292429971
"302","Enfield","Bromley",31.4218372347173
"303","Enfield","Camden",12.3340924755061
"304","Enfield","City of London",16.5817382046052
"305","Enfield","Croydon",11.8793968044736
"306","Enfield","Ealing",25.162284547313
"307","Enfield","Enfield",0
"308","Enfield","Greenwich",22.1288857450911
"309","Enfield","Hackney",27.3664725432795
"310","Enfield","Hammersmith and Fulham",18.8642406904517
"311","Enfield","Haringey",8.2398405413291
"312","Enfield","Harrow",17.243265004859
"313","Enfield","Havering",8.39983463887082
"314","Enfield","Hillingdon",38.5171350634753
"315","Enfield","Hounslow",8.22948488930674
"316","Enfield","Islington",6.4810823652176
"317","Enfield","Kensington and Chelsea",15.5866553223344
"318","Enfield","Kingston upon Thames",9.92084833008382
"319","Enfield","Lambeth",15.2807549093382
"320","Enfield","Lewisham",16.6287755329241
"321","Enfield","Merton",23.1050533879902
"322","Enfield","Newham",15.5903093603943
"323","Enfield","Redbridge",25.579658383025
"324","Enfield","Richmond upon Thames",29.0780822548883
"325","Enfield","Southwark",8.96289539113149
"326","Enfield","Sutton",18.6307700425441
"327","Enfield","Tower Hamlets",20.7864578726646
"328","Enfield","Waltham Forest",20.5808978697922
"329","Enfield","Wandsworth",23.4667824754895
"330","Enfield","Westminster",12.7539986692646
"331","Greenwich","Barking and Dagenham",19.3654338872199
"332","Greenwich","Barne",9.34591125916432
"333","Greenwich","Bexley",26.4736872197998
"334","Greenwich","Brent",16.1908364086418
"335","Greenwich","Bromley",32.4985839079622
"336","Greenwich","Camden",12.6099723967964
"337","Greenwich","City of London",15.1974503210784
"338","Greenwich","Croydon",16.1201250673843
"339","Greenwich","Ealing",32.8910030296029
"340","Greenwich","Enfield",22.1288857450911
"341","Greenwich","Greenwich",0
"342","Greenwich","Hackney",21.9961989167652
"343","Greenwich","Hammersmith and Fulham",11.1072887399018
"344","Greenwich","Haringey",19.6658932735845
"345","Greenwich","Harrow",6.8869647498129
"346","Greenwich","Havering",18.5588697740143
"347","Greenwich","Hillingdon",23.4493226939786
"348","Greenwich","Hounslow",27.657745905539
"349","Greenwich","Islington",28.0366400508497
"350","Greenwich","Kensington and Chelsea",11.5138890936341
"351","Greenwich","Kingston upon Thames",18.1810813774525
"352","Greenwich","Lambeth",32.3806999591617
"353","Greenwich","Lewisham",22.0381365840473
"354","Greenwich","Merton",23.0237937131425
"355","Greenwich","Newham",27.8781764268831
"356","Greenwich","Redbridge",16.2911175400431
"357","Greenwich","Richmond upon Thames",13.4329882714103
"358","Greenwich","Southwark",27.9351810023273
"359","Greenwich","Sutton",19.6847141467917
"360","Greenwich","Tower Hamlets",32.7431997895368
"361","Greenwich","Waltham Forest",15.4813501387159
"362","Greenwich","Wandsworth",8.17690190536328
"363","Greenwich","Westminster",23.1775344164362
"364","Hackney","Barking and Dagenham",9.4264387822055
"365","Hackney","Barne",24.2356166780728
"366","Hackney","Bexley",6.21711923163597
"367","Hackney","Brent",24.3151804742654
"368","Hackney","Bromley",11.3996094879641
"369","Hackney","Camden",16.8108518875738
"370","Hackney","City of London",11.1970988485122
"371","Hackney","Croydon",15.6143633090976
"372","Hackney","Ealing",16.5560544327619
"373","Hackney","Enfield",27.3664725432795
"374","Hackney","Greenwich",21.9961989167652
"375","Hackney","Hackney",0
"376","Hackney","Hammersmith and Fulham",11.9598112079279
"377","Hackney","Haringey",19.3273084835846
"378","Hackney","Harrow",17.1546707062801
"379","Hackney","Havering",30.7559687828512
"380","Hackney","Hillingdon",15.1085610595256
"381","Hackney","Hounslow",35.5819652911758
"382","Hackney","Islington",29.3041134383735
"383","Hackney","Kensington and Chelsea",14.1526891070512
"384","Hackney","Kingston upon Thames",17.4620427864984
"385","Hackney","Lambeth",25.6844233986899
"386","Hackney","Lewisham",12.2955620596344
"387","Hackney","Merton",6.01897104149515
"388","Hackney","Newham",18.9807673886296
"389","Hackney","Redbridge",5.96804569144728
"390","Hackney","Richmond upon Thames",12.4535402203603
"391","Hackney","Southwark",25.8088246942696
"392","Hackney","Sutton",9.00327083306004
"393","Hackney","Tower Hamlets",20.4709646096251
"394","Hackney","Waltham Forest",7.76844793150251
"395","Hackney","Wandsworth",14.1201796065246
"396","Hackney","Westminster",16.9817843804531
"397","Hammersmith and Fulham","Barking and Dagenham",13.6588763531111
"398","Hammersmith and Fulham","Barne",12.3958387633581
"399","Hammersmith and Fulham","Bexley",17.5275823898088
"400","Hammersmith and Fulham","Brent",14.1978915613409
"401","Hammersmith and Fulham","Bromley",21.5845013237711
"402","Hammersmith and Fulham","Camden",6.55884939236749
"403","Hammersmith and Fulham","City of London",4.67027636446006
"404","Hammersmith and Fulham","Croydon",8.00472563326081
"405","Hammersmith and Fulham","Ealing",21.9710254001507
"406","Hammersmith and Fulham","Enfield",18.8642406904517
"407","Hammersmith and Fulham","Greenwich",11.1072887399018
"408","Hammersmith and Fulham","Hackney",11.9598112079279
"409","Hammersmith and Fulham","Hammersmith and Fulham",0
"410","Hammersmith and Fulham","Haringey",12.6478016187639
"411","Hammersmith and Fulham","Harrow",5.22895623648007
"412","Hammersmith and Fulham","Havering",19.9188728098112
"413","Hammersmith and Fulham","Hillingdon",19.7129165731665
"414","Hammersmith and Fulham","Hounslow",26.5452058937759
"415","Hammersmith and Fulham","Islington",22.9938188985925
"416","Hammersmith and Fulham","Kensington and Chelsea",3.28188520691712
"417","Hammersmith and Fulham","Kingston upon Thames",10.5950397156992
"418","Hammersmith and Fulham","Lambeth",23.9922880646398
"419","Hammersmith and Fulham","Lewisham",11.5966503776318
"420","Hammersmith and Fulham","Merton",11.9471701290396
"421","Hammersmith and Fulham","Newham",18.361884676113
"422","Hammersmith and Fulham","Redbridge",7.5446794329432
"423","Hammersmith and Fulham","Richmond upon Thames",10.3390166789768
"424","Hammersmith and Fulham","Southwark",21.1529266187838
"425","Hammersmith and Fulham","Sutton",8.71271089599738
"426","Hammersmith and Fulham","Tower Hamlets",22.5959842840015
"427","Hammersmith and Fulham","Waltham Forest",4.52359421010315
"428","Hammersmith and Fulham","Wandsworth",5.82365362402259
"429","Hammersmith and Fulham","Westminster",14.0441525780313
"430","Haringey","Barking and Dagenham",25.1602033272573
"431","Haringey","Barne",13.4821147130238
"432","Haringey","Bexley",25.5083690279468
"433","Haringey","Brent",7.78609456109198
"434","Haringey","Bromley",23.3619167577674
"435","Haringey","Camden",7.21189862474782
"436","Haringey","City of London",9.1674264952598
"437","Haringey","Croydon",4.66271530308018
"438","Haringey","Ealing",18.1046472311515
"439","Haringey","Enfield",8.2398405413291
"440","Haringey","Greenwich",19.6658932735845
"441","Haringey","Hackney",19.3273084835846
"442","Haringey","Hammersmith and Fulham",12.6478016187639
"443","Haringey","Haringey",0
"444","Haringey","Harrow",13.2028725586693
"445","Haringey","Havering",14.1558447550684
"446","Haringey","Hillingdon",31.5371391982236
"447","Haringey","Hounslow",16.440306682967
"448","Haringey","Islington",10.5192340625379
"449","Haringey","Kensington and Chelsea",9.70694662985634
"450","Haringey","Kingston upon Thames",2.09990449736738
"451","Haringey","Lambeth",12.7708034186662
"452","Haringey","Lewisham",8.46455209147167
"453","Haringey","Merton",14.8668543058207
"454","Haringey","Newham",9.60150510914715
"455","Haringey","Redbridge",18.2781925001982
"456","Haringey","Richmond upon Thames",22.9156269523978
"457","Haringey","Southwark",8.61882540511325
"458","Haringey","Sutton",10.4488920773614
"459","Haringey","Tower Hamlets",15.0872593897297
"460","Haringey","Waltham Forest",13.1249020329268
"461","Haringey","Wandsworth",18.1586091150706
"462","Haringey","Westminster",5.35585234919183
"463","Harrow","Barking and Dagenham",17.4640799089246
"464","Harrow","Barne",7.65487083227099
"465","Harrow","Bexley",22.5404117749532
"466","Harrow","Brent",11.6639171599146
"467","Harrow","Bromley",26.6868596780173
"468","Harrow","Camden",5.99367612599619
"469","Harrow","City of London",8.51397215211698
"470","Harrow","Croydon",9.31346062269968
"471","Harrow","Ealing",26.1856553056501
"472","Harrow","Enfield",17.243265004859
"473","Harrow","Greenwich",6.8869647498129
"474","Harrow","Hackney",17.1546707062801
"475","Harrow","Hammersmith and Fulham",5.22895623648007
"476","Harrow","Haringey",13.2028725586693
"477","Harrow","Harrow",0
"478","Harrow","Havering",16.2194559566426
"479","Harrow","Hillingdon",22.9300918304184
"480","Harrow","Hounslow",24.0683334589554
"481","Harrow","Islington",22.4932668955334
"482","Harrow","Kensington and Chelsea",4.66393207356621
"483","Harrow","Kingston upon Thames",11.5297168255502
"484","Harrow","Lambeth",25.7407893724246
"485","Harrow","Lewisham",15.2079972969343
"486","Harrow","Merton",16.9254444558606
"487","Harrow","Newham",21.0157539763955
"488","Harrow","Redbridge",12.2879172574893
"489","Harrow","Richmond upon Thames",12.7154430437364
"490","Harrow","Southwark",21.7232632562894
"491","Harrow","Sutton",13.1264124755197
"492","Harrow","Tower Hamlets",25.8568061139865
"493","Harrow","Waltham Forest",9.71759856476231
"494","Harrow","Wandsworth",6.58310649049907
"495","Harrow","Westminster",16.3360512484335
"496","Havering","Barking and Dagenham",33.4282882500936
"497","Havering","Barne",9.31654350691962
"498","Havering","Bexley",36.847716162126
"499","Havering","Brent",6.70098059090569
"500","Havering","Bromley",37.0784877405571
"501","Havering","Camden",13.9651434020334
"502","Havering","City of London",19.5858335342875
"503","Havering","Croydon",15.6553971154489
"504","Havering","Ealing",32.2276856375896
"505","Havering","Enfield",8.39983463887082
"506","Havering","Greenwich",18.5588697740143
"507","Havering","Hackney",30.7559687828512
"508","Havering","Hammersmith and Fulham",19.9188728098112
"509","Havering","Haringey",14.1558447550684
"510","Havering","Harrow",16.2194559566426
"511","Havering","Havering",0
"512","Havering","Hillingdon",39.1203001577026
"513","Havering","Hounslow",9.56590643604202
"514","Havering","Islington",14.4771741659742
"515","Havering","Kensington and Chelsea",16.9247185709367
"516","Havering","Kingston upon Thames",14.9041049354091
"517","Havering","Lambeth",23.6431655413685
"518","Havering","Lewisham",22.2609717715457
"519","Havering","Merton",27.7937504687425
"520","Havering","Newham",23.1565776862249
"521","Havering","Redbridge",27.4213090717896
"522","Havering","Richmond upon Thames",28.9343898011631
"523","Havering","Southwark",17.3548137933363
"524","Havering","Sutton",23.0726470426484
"525","Havering","Tower Hamlets",28.5706400468532
"526","Havering","Waltham Forest",23.1346139157953
"527","Havering","Wandsworth",22.7719729461538
"528","Havering","Westminster",19.458680694269
"529","Hillingdon","Barking and Dagenham",6.4157590281535
"530","Hillingdon","Barne",30.4029982286218
"531","Hillingdon","Bexley",12.5983150026952
"532","Hillingdon","Brent",33.8573565016329
"533","Hillingdon","Bromley",24.2844611529376
"534","Hillingdon","Camden",26.2685790445073
"535","Hillingdon","City of London",22.3700263751623
"536","Hillingdon","Croydon",26.9946788739992
"537","Hillingdon","Ealing",31.4834782107858
"538","Hillingdon","Enfield",38.5171350634753
"539","Hillingdon","Greenwich",23.4493226939786
"540","Hillingdon","Hackney",15.1085610595256
"541","Hillingdon","Hammersmith and Fulham",19.7129165731665
"542","Hillingdon","Haringey",31.5371391982236
"543","Hillingdon","Harrow",22.9300918304184
"544","Hillingdon","Havering",39.1203001577026
"545","Hillingdon","Hillingdon",0
"546","Hillingdon","Hounslow",46.2557448225144
"547","Hillingdon","Islington",42.0508281132937
"548","Hillingdon","Kensington and Chelsea",22.9888454963485
"549","Hillingdon","Kingston upon Thames",29.446184973909
"550","Hillingdon","Lambeth",40.2740565291483
"551","Hillingdon","Lewisham",26.4709224824447
"552","Hillingdon","Merton",21.033957535153
"553","Hillingdon","Newham",33.6411879058071
"554","Hillingdon","Redbridge",13.3100827281895
"555","Hillingdon","Richmond upon Thames",10.330617503966
"556","Hillingdon","Southwark",39.3383695636653
"557","Hillingdon","Sutton",22.7038846020003
"558","Hillingdon","Tower Hamlets",35.5651369905658
"559","Hillingdon","Waltham Forest",18.4636218771109
"560","Hillingdon","Wandsworth",16.5171989364594
"561","Hillingdon","Westminster",30.8156671956597
"562","Hounslow","Barking and Dagenham",40.1505091074027
"563","Hounslow","Barne",18.3163037656987
"564","Hounslow","Bexley",41.7967233191916
"565","Hounslow","Brent",12.4794288410907
"566","Hounslow","Bromley",39.361237384847
"567","Hounslow","Camden",20.0002480970371
"568","Hounslow","City of London",24.6924338908879
"569","Hounslow","Croydon",20.0328513667573
"570","Hounslow","Ealing",32.3984054399076
"571","Hounslow","Enfield",8.22948488930674
"572","Hounslow","Greenwich",27.657745905539
"573","Hounslow","Hackney",35.5819652911758
"574","Hounslow","Hammersmith and Fulham",26.5452058937759
"575","Hounslow","Haringey",16.440306682967
"576","Hounslow","Harrow",24.0683334589554
"577","Hounslow","Havering",9.56590643604202
"578","Hounslow","Hillingdon",46.2557448225144
"579","Hounslow","Hounslow",0
"580","Hounslow","Islington",9.81548125276735
"581","Hounslow","Kensington and Chelsea",23.2770219561718
"582","Hounslow","Kingston upon Thames",18.1493823059589
"583","Hounslow","Lambeth",20.3342958485713
"584","Hounslow","Lewisham",24.7309260555399
"585","Hounslow","Merton",31.3025284964559
"586","Hounslow","Newham",22.6228178330139
"587","Hounslow","Redbridge",33.5620460090866
"588","Hounslow","Richmond upon Thames",36.49065253043
"589","Hounslow","Southwark",14.3617866043664
"590","Hounslow","Sutton",26.8576846443501
"591","Hounslow","Tower Hamlets",27.300307885982
"592","Hounslow","Waltham Forest",28.6604345585588
"593","Hounslow","Wandsworth",30.5825702846554
"594","Hounslow","Westminster",20.5831805834923
"595","Islington","Barking and Dagenham",35.664943741549
"596","Islington","Barne",19.6615963424033
"597","Islington","Bexley",35.3429860968899
"598","Islington","Brent",12.1220719963684
"599","Islington","Bromley",30.9712349551804
"600","Islington","Camden",16.8833161490867
"601","Islington","City of London",19.6818185215041
"602","Islington","Croydon",15.1337700576614
"603","Islington","Ealing",23.1332691913095
"604","Islington","Enfield",6.4810823652176
"605","Islington","Greenwich",28.0366400508497
"606","Islington","Hackney",29.3041134383735
"607","Islington","Hammersmith and Fulham",22.9938188985925
"608","Islington","Haringey",10.5192340625379
"609","Islington","Harrow",22.4932668955334
"610","Islington","Havering",14.4771741659742
"611","Islington","Hillingdon",42.0508281132937
"612","Islington","Hounslow",9.81548125276735
"613","Islington","Islington",0
"614","Islington","Kensington and Chelsea",19.8678482596392
"615","Islington","Kingston upon Thames",12.6167957780977
"616","Islington","Lambeth",10.5239457073035
"617","Islington","Lewisham",17.2995406148123
"618","Islington","Merton",24.1404067623878
"619","Islington","Newham",13.4279205064522
"620","Islington","Redbridge",28.7727119940929
"621","Islington","Richmond upon Thames",33.3250553108241
"622","Islington","Southwark",4.70951488744234
"623","Islington","Sutton",20.3029616526308
"624","Islington","Tower Hamlets",17.6684000069259
"625","Islington","Waltham Forest",23.6118510664301
"626","Islington","Wandsworth",28.2232411772355
"627","Islington","Westminster",12.6401232009775
"628","Kensington and Chelsea","Barking and Dagenham",16.8907445033979
"629","Kensington and Chelsea","Barne",10.2102917111572
"630","Kensington and Chelsea","Bexley",20.0626079930977
"631","Kensington and Chelsea","Brent",10.9839237170444
"632","Kensington and Chelsea","Bromley",22.6249746040387
"633","Kensington and Chelsea","Camden",3.27974183374291
"634","Kensington and Chelsea","City of London",3.98623387578023
"635","Kensington and Chelsea","Croydon",5.22795789122122
"636","Kensington and Chelsea","Ealing",21.547437385
"637","Kensington and Chelsea","Enfield",15.5866553223344
"638","Kensington and Chelsea","Greenwich",11.5138890936341
"639","Kensington and Chelsea","Hackney",14.1526891070512
"640","Kensington and Chelsea","Hammersmith and Fulham",3.28188520691712
"641","Kensington and Chelsea","Haringey",9.70694662985634
"642","Kensington and Chelsea","Harrow",4.66393207356621
"643","Kensington and Chelsea","Havering",16.9247185709367
"644","Kensington and Chelsea","Hillingdon",22.9888454963485
"645","Kensington and Chelsea","Hounslow",23.2770219561718
"646","Kensington and Chelsea","Islington",19.8678482596392
"647","Kensington and Chelsea","Kensington and Chelsea",0
"648","Kensington and Chelsea","Kingston upon Thames",7.74654733399522
"649","Kensington and Chelsea","Lambeth",21.6740505354911
"650","Kensington and Chelsea","Lewisham",10.5442970442071
"651","Kensington and Chelsea","Merton",12.7776307817316
"652","Kensington and Chelsea","Newham",16.5528092974202
"653","Kensington and Chelsea","Redbridge",10.5303115025462
"654","Kensington and Chelsea","Richmond upon Thames",13.5491713615828
"655","Kensington and Chelsea","Southwark",18.3114678442022
"656","Kensington and Chelsea","Sutton",8.63358721317868
"657","Kensington and Chelsea","Tower Hamlets",21.2555813292331
"658","Kensington and Chelsea","Waltham Forest",6.38532000372709
"659","Kensington and Chelsea","Wandsworth",8.45220792810214
"660","Kensington and Chelsea","Westminster",11.9606063743912
"661","Kingston upon Thames","Barking and Dagenham",23.0752325502849
"662","Kingston upon Thames","Barne",12.831360237835
"663","Kingston upon Thames","Bexley",23.6674959493159
"664","Kingston upon Thames","Brent",8.25902074280819
"665","Kingston upon Thames","Bromley",22.2221381195011
"666","Kingston upon Thames","Camden",5.57651822261539
"667","Kingston upon Thames","City of London",7.08010605513066
"668","Kingston upon Thames","Croydon",2.59061203817003
"669","Kingston upon Thames","Ealing",17.7963573511297
"670","Kingston upon Thames","Enfield",9.92084833008382
"671","Kingston upon Thames","Greenwich",18.1810813774525
"672","Kingston upon Thames","Hackney",17.4620427864984
"673","Kingston upon Thames","Hammersmith and Fulham",10.5950397156992
"674","Kingston upon Thames","Haringey",2.09990449736738
"675","Kingston upon Thames","Harrow",11.5297168255502
"676","Kingston upon Thames","Havering",14.9041049354091
"677","Kingston upon Thames","Hillingdon",29.446184973909
"678","Kingston upon Thames","Hounslow",18.1493823059589
"679","Kingston upon Thames","Islington",12.6167957780977
"680","Kingston upon Thames","Kensington and Chelsea",7.74654733399522
"681","Kingston upon Thames","Kingston upon Thames",0
"682","Kingston upon Thames","Lambeth",14.2197883160997
"683","Kingston upon Thames","Lewisham",7.35699663293484
"684","Kingston upon Thames","Merton",13.3155318267908
"685","Kingston upon Thames","Newham",10.1569350955986
"686","Kingston upon Thames","Redbridge",16.2007589169935
"687","Kingston upon Thames","Richmond upon Thames",20.8331427175911
"688","Kingston upon Thames","Southwark",10.5814116623696
"689","Kingston upon Thames","Sutton",8.7370105362644
"690","Kingston upon Thames","Tower Hamlets",15.5082433303838
"691","Kingston upon Thames","Waltham Forest",11.055666109737
"692","Kingston upon Thames","Wandsworth",16.177585654971
"693","Kingston upon Thames","Westminster",5.49228918443291
"694","Lambeth","Barking and Dagenham",33.9603481306355
"695","Lambeth","Barne",25.9313571226556
"696","Lambeth","Bexley",30.9370809160245
"697","Lambeth","Brent",19.0298729106975
"698","Lambeth","Bromley",23.6265918660346
"699","Lambeth","Camden",19.7939328522653
"700","Lambeth","City of London",19.5133035057142
"701","Lambeth","Croydon",16.5010157471692
"702","Lambeth","Ealing",14.3715312992313
"703","Lambeth","Enfield",15.2807549093382
"704","Lambeth","Greenwich",32.3806999591617
"705","Lambeth","Hackney",25.6844233986899
"706","Lambeth","Hammersmith and Fulham",23.9922880646398
"707","Lambeth","Haringey",12.7708034186662
"708","Lambeth","Harrow",25.7407893724246
"709","Lambeth","Havering",23.6431655413685
"710","Lambeth","Hillingdon",40.2740565291483
"711","Lambeth","Hounslow",20.3342958485713
"712","Lambeth","Islington",10.5239457073035
"713","Lambeth","Kensington and Chelsea",21.6740505354911
"714","Lambeth","Kingston upon Thames",14.2197883160997
"715","Lambeth","Lambeth",0
"716","Lambeth","Lewisham",13.8309925085364
"717","Lambeth","Merton",19.7238839515391
"718","Lambeth","Newham",6.70422938530501
"719","Lambeth","Redbridge",27.3397071822803
"720","Lambeth","Richmond upon Thames",33.4473832054527
"721","Lambeth","Southwark",6.35309640928807
"722","Lambeth","Sutton",17.6434797599877
"723","Lambeth","Tower Hamlets",8.13546881544158
"724","Lambeth","Waltham Forest",22.5748944987913
"725","Lambeth","Wandsworth",29.8078541661742
"726","Lambeth","Westminster",9.9940771034695
"727","Lewisham","Barking and Dagenham",20.1343196454422
"728","Lewisham","Barne",19.130887746611
"729","Lewisham","Bexley",18.13161198498
"730","Lewisham","Brent",15.6019209871646
"731","Lewisham","Bromley",14.9159321159665
"732","Lewisham","Camden",10.6487253485884
"733","Lewisham","City of London",6.97496300949942
"734","Lewisham","Croydon",7.24886586336604
"735","Lewisham","Ealing",11.1703404466445
"736","Lewisham","Enfield",16.6287755329241
"737","Lewisham","Greenwich",22.0381365840473
"738","Lewisham","Hackney",12.2955620596344
"739","Lewisham","Hammersmith and Fulham",11.5966503776318
"740","Lewisham","Haringey",8.46455209147167
"741","Lewisham","Harrow",15.2079972969343
"742","Lewisham","Havering",22.2609717715457
"743","Lewisham","Hillingdon",26.4709224824447
"744","Lewisham","Hounslow",24.7309260555399
"745","Lewisham","Islington",17.2995406148123
"746","Lewisham","Kensington and Chelsea",10.5442970442071
"747","Lewisham","Kingston upon Thames",7.35699663293484
"748","Lewisham","Lambeth",13.8309925085364
"749","Lewisham","Lewisham",0
"750","Lewisham","Merton",6.8409685001268
"751","Lewisham","Newham",7.34502232961594
"752","Lewisham","Redbridge",13.534830918124
"753","Lewisham","Richmond upon Thames",19.916079641887
"754","Lewisham","Southwark",13.5447406289542
"755","Lewisham","Sutton",3.82167461061146
"756","Lewisham","Tower Hamlets",11.0061884248148
"757","Lewisham","Waltham Forest",9.01026982415394
"758","Lewisham","Wandsworth",17.2331049083465
"759","Lewisham","Westminster",4.72227088506654
"760","Merton","Barking and Dagenham",15.0604699654264
"761","Merton","Barne",22.8354483254032
"762","Merton","Bexley",11.389721083941
"763","Merton","Brent",21.1133472624687
"764","Merton","Bromley",9.84873973185672
"765","Merton","Camden",14.483698654856
"766","Merton","City of London",8.90173095293341
"767","Merton","Croydon",12.1384138797572
"768","Merton","Ealing",11.3397318456884
"769","Merton","Enfield",23.1050533879902
"770","Merton","Greenwich",23.0237937131425
"771","Merton","Hackney",6.01897104149515
"772","Merton","Hammersmith and Fulham",11.9471701290396
"773","Merton","Haringey",14.8668543058207
"774","Merton","Harrow",16.9254444558606
"775","Merton","Havering",27.7937504687425
"776","Merton","Hillingdon",21.033957535153
"777","Merton","Hounslow",31.3025284964559
"778","Merton","Islington",24.1404067623878
"779","Merton","Kensington and Chelsea",12.7776307817316
"780","Merton","Kingston upon Thames",13.3155318267908
"781","Merton","Lambeth",19.7238839515391
"782","Merton","Lewisham",6.8409685001268
"783","Merton","Merton",0
"784","Merton","Newham",13.023068572932
"785","Merton","Redbridge",9.62280159115187
"786","Merton","Richmond upon Thames",16.6757900289998
"787","Merton","Southwark",20.3125377032306
"788","Merton","Sutton",4.72173256350244
"789","Merton","Tower Hamlets",14.5488459854786
"790","Merton","Waltham Forest",7.57049871158208
"791","Merton","Wandsworth",16.2215700088362
"792","Merton","Westminster",11.5385616871105
"793","Newham","Barking and Dagenham",27.368241797705
"794","Newham","Barne",22.9398285613935
"795","Newham","Bexley",24.2815834941481
"796","Newham","Brent",17.2414993548039
"797","Newham","Bromley",17.8219142488129
"798","Newham","Camden",15.4277340759837
"799","Newham","City of London",13.7139855132263
"800","Newham","Croydon",11.792664629706
"801","Newham","Ealing",9.77979939231018
"802","Newham","Enfield",15.5903093603943
"803","Newham","Greenwich",27.8781764268831
"804","Newham","Hackney",18.9807673886296
"805","Newham","Hammersmith and Fulham",18.361884676113
"806","Newham","Haringey",9.60150510914715
"807","Newham","Harrow",21.0157539763955
"808","Newham","Havering",23.1565776862249
"809","Newham","Hillingdon",33.6411879058071
"810","Newham","Hounslow",22.6228178330139
"811","Newham","Islington",13.4279205064522
"812","Newham","Kensington and Chelsea",16.5528092974202
"813","Newham","Kingston upon Thames",10.1569350955986
"814","Newham","Lambeth",6.70422938530501
"815","Newham","Lewisham",7.34502232961594
"816","Newham","Merton",13.023068572932
"817","Newham","Newham",0
"818","Newham","Redbridge",20.8641784495956
"819","Newham","Richmond upon Thames",27.2328302166918
"820","Newham","Southwark",8.79763025256093
"821","Newham","Sutton",11.1564745641029
"822","Newham","Tower Hamlets",5.49718806154955
"823","Newham","Waltham Forest",16.3131822537223
"824","Newham","Wandsworth",24.1563889443984
"825","Newham","Westminster",4.73736513367464
"826","Redbridge","Barking and Dagenham",6.90049041749421
"827","Redbridge","Barne",19.8195568135995
"828","Redbridge","Bexley",10.3393389629872
"829","Redbridge","Brent",21.4716295841001
"830","Redbridge","Bromley",17.2593366696986
"831","Redbridge","Camden",13.6980368776956
"832","Redbridge","City of London",9.12665321909184
"833","Redbridge","Croydon",13.8224074594382
"834","Redbridge","Ealing",20.9624129777817
"835","Redbridge","Enfield",25.579658383025
"836","Redbridge","Greenwich",16.2911175400431
"837","Redbridge","Hackney",5.96804569144728
"838","Redbridge","Hammersmith and Fulham",7.5446794329432
"839","Redbridge","Haringey",18.2781925001982
"840","Redbridge","Harrow",12.2879172574893
"841","Redbridge","Havering",27.4213090717896
"842","Redbridge","Hillingdon",13.3100827281895
"843","Redbridge","Hounslow",33.5620460090866
"844","Redbridge","Islington",28.7727119940929
"845","Redbridge","Kensington and Chelsea",10.5303115025462
"846","Redbridge","Kingston upon Thames",16.2007589169935
"847","Redbridge","Lambeth",27.3397071822803
"848","Redbridge","Lewisham",13.534830918124
"849","Redbridge","Merton",9.62280159115187
"850","Redbridge","Newham",20.8641784495956
"851","Redbridge","Redbridge",0
"852","Redbridge","Richmond upon Thames",7.05713875427145
"853","Redbridge","Southwark",26.0423299196212
"854","Redbridge","Sutton",9.71337404095223
"855","Redbridge","Tower Hamlets",23.6574182765607
"856","Redbridge","Waltham Forest",5.16179189935035
"857","Redbridge","Wandsworth",8.23936076791194
"858","Redbridge","Westminster",17.6311101479787
"859","Richmond upon Thames","Barking and Dagenham",6.10780501705273
"860","Richmond upon Thames","Barne",20.0907982857231
"861","Richmond upon Thames","Bexley",14.6284974784047
"862","Richmond upon Thames","Brent",24.0134736680712
"863","Richmond upon Thames","Bromley",23.8296803756966
"864","Richmond upon Thames","Camden",16.7525725511927
"865","Richmond upon Thames","City of London",14.1086819002923
"866","Richmond upon Thames","Croydon",18.2529214320779
"867","Richmond upon Thames","Ealing",28.0150112312737
"868","Richmond upon Thames","Enfield",29.0780822548883
"869","Richmond upon Thames","Greenwich",13.4329882714103
"870","Richmond upon Thames","Hackney",12.4535402203603
"871","Richmond upon Thames","Hammersmith and Fulham",10.3390166789768
"872","Richmond upon Thames","Haringey",22.9156269523978
"873","Richmond upon Thames","Harrow",12.7154430437364
"874","Richmond upon Thames","Havering",28.9343898011631
"875","Richmond upon Thames","Hillingdon",10.330617503966
"876","Richmond upon Thames","Hounslow",36.49065253043
"877","Richmond upon Thames","Islington",33.3250553108241
"878","Richmond upon Thames","Kensington and Chelsea",13.5491713615828
"879","Richmond upon Thames","Kingston upon Thames",20.8331427175911
"880","Richmond upon Thames","Lambeth",33.4473832054527
"881","Richmond upon Thames","Lewisham",19.916079641887
"882","Richmond upon Thames","Merton",16.6757900289998
"883","Richmond upon Thames","Newham",27.2328302166918
"884","Richmond upon Thames","Redbridge",7.05713875427145
"885","Richmond upon Thames","Richmond upon Thames",0
"886","Richmond upon Thames","Southwark",31.286268098329
"887","Richmond upon Thames","Sutton",16.1818488917367
"888","Richmond upon Thames","Tower Hamlets",30.4709103338367
"889","Richmond upon Thames","Waltham Forest",10.920057212792
"890","Richmond upon Thames","Wandsworth",6.20339220333452
"891","Richmond upon Thames","Westminster",23.4927830204563
"892","Southwark","Barking and Dagenham",32.9227398751449
"893","Southwark","Barne",20.5410236790253
"894","Southwark","Bexley",31.6685674743169
"895","Southwark","Brent",13.2483508596146
"896","Southwark","Bromley",26.5124467619949
"897","Southwark","Camden",15.7699895298322
"898","Southwark","City of London",17.2317270099587
"899","Southwark","Croydon",13.1600131303792
"900","Southwark","Ealing",18.4426188808384
"901","Southwark","Enfield",8.96289539113149
"902","Southwark","Greenwich",27.9351810023273
"903","Southwark","Hackney",25.8088246942696
"904","Southwark","Hammersmith and Fulham",21.1529266187838
"905","Southwark","Haringey",8.61882540511325
"906","Southwark","Harrow",21.7232632562894
"907","Southwark","Havering",17.3548137933363
"908","Southwark","Hillingdon",39.3383695636653
"909","Southwark","Hounslow",14.3617866043664
"910","Southwark","Islington",4.70951488744234
"911","Southwark","Kensington and Chelsea",18.3114678442022
"912","Southwark","Kingston upon Thames",10.5814116623696
"913","Southwark","Lambeth",6.35309640928807
"914","Southwark","Lewisham",13.5447406289542
"915","Southwark","Merton",20.3125377032306
"916","Southwark","Newham",8.79763025256093
"917","Southwark","Redbridge",26.0423299196212
"918","Southwark","Richmond upon Thames",31.286268098329
"919","Southwark","Southwark",0
"920","Southwark","Sutton",16.9270298848922
"921","Southwark","Tower Hamlets",12.9790653581805
"922","Southwark","Waltham Forest",20.9291910165367
"923","Southwark","Wandsworth",26.7556245646334
"924","Southwark","Westminster",8.83032721305312
"925","Sutton","Barking and Dagenham",16.3427777698571
"926","Sutton","Barne",18.3767973235578
"927","Sutton","Bexley",15.1092531421952
"928","Sutton","Brent",16.3956729498009
"929","Sutton","Bromley",14.3409190816153
"930","Sutton","Camden",9.89545545848232
"931","Sutton","City of London",4.64880495504911
"932","Sutton","Croydon",7.41783009077059
"933","Sutton","Ealing",13.2590430811467
"934","Sutton","Enfield",18.6307700425441
"935","Sutton","Greenwich",19.6847141467917
"936","Sutton","Hackney",9.00327083306004
"937","Sutton","Hammersmith and Fulham",8.71271089599738
"938","Sutton","Haringey",10.4488920773614
"939","Sutton","Harrow",13.1264124755197
"940","Sutton","Havering",23.0726470426484
"941","Sutton","Hillingdon",22.7038846020003
"942","Sutton","Hounslow",26.8576846443501
"943","Sutton","Islington",20.3029616526308
"944","Sutton","Kensington and Chelsea",8.63358721317868
"945","Sutton","Kingston upon Thames",8.7370105362644
"946","Sutton","Lambeth",17.6434797599877
"947","Sutton","Lewisham",3.82167461061146
"948","Sutton","Merton",4.72173256350244
"949","Sutton","Newham",11.1564745641029
"950","Sutton","Redbridge",9.71337404095223
"951","Sutton","Richmond upon Thames",16.1818488917367
"952","Sutton","Southwark",16.9270298848922
"953","Sutton","Sutton",0
"954","Sutton","Tower Hamlets",14.4029683009416
"955","Sutton","Waltham Forest",5.36715226224589
"956","Sutton","Wandsworth",13.9905368576555
"957","Sutton","Westminster",8.17552504373342
"958","Tower Hamlets","Barking and Dagenham",29.592452260746
"959","Tower Hamlets","Barne",28.3363362774986
"960","Tower Hamlets","Bexley",24.8202378859027
"961","Tower Hamlets","Brent",22.7360075379259
"962","Tower Hamlets","Bromley",15.9911986505938
"963","Tower Hamlets","Camden",20.5493365267796
"964","Tower Hamlets","City of London",17.9483398511332
"965","Tower Hamlets","Croydon",16.878175316411
"966","Tower Hamlets","Ealing",6.34103947191993
"967","Tower Hamlets","Enfield",20.7864578726646
"968","Tower Hamlets","Greenwich",32.7431997895368
"969","Tower Hamlets","Hackney",20.4709646096251
"970","Tower Hamlets","Hammersmith and Fulham",22.5959842840015
"971","Tower Hamlets","Haringey",15.0872593897297
"972","Tower Hamlets","Harrow",25.8568061139865
"973","Tower Hamlets","Havering",28.5706400468532
"974","Tower Hamlets","Hillingdon",35.5651369905658
"975","Tower Hamlets","Hounslow",27.300307885982
"976","Tower Hamlets","Islington",17.6684000069259
"977","Tower Hamlets","Kensington and Chelsea",21.2555813292331
"978","Tower Hamlets","Kingston upon Thames",15.5082433303838
"979","Tower Hamlets","Lambeth",8.13546881544158
"980","Tower Hamlets","Lewisham",11.0061884248148
"981","Tower Hamlets","Merton",14.5488459854786
"982","Tower Hamlets","Newham",5.49718806154955
"983","Tower Hamlets","Redbridge",23.6574182765607
"984","Tower Hamlets","Richmond upon Thames",30.4709103338367
"985","Tower Hamlets","Southwark",12.9790653581805
"986","Tower Hamlets","Sutton",14.4029683009416
"987","Tower Hamlets","Tower Hamlets",0
"988","Tower Hamlets","Waltham Forest",19.7699091300954
"989","Tower Hamlets","Wandsworth",28.2293621414164
"990","Tower Hamlets","Westminster",10.0164217541427
"991","Waltham Forest","Barking and Dagenham",12.0602309390505
"992","Waltham Forest","Barne",16.4998278810728
"993","Waltham Forest","Bexley",13.7249268106759
"994","Waltham Forest","Brent",16.8610830483565
"995","Waltham Forest","Bromley",17.0773174251915
"996","Waltham Forest","Camden",9.17445785321427
"997","Waltham Forest","City of London",4.01308835919027
"998","Waltham Forest","Croydon",8.7353372223989
"999","Waltham Forest","Ealing",18.2148732240236
"1000","Waltham Forest","Enfield",20.5808978697922
"1001","Waltham Forest","Greenwich",15.4813501387159
"1002","Waltham Forest","Hackney",7.76844793150251
"1003","Waltham Forest","Hammersmith and Fulham",4.52359421010315
"1004","Waltham Forest","Haringey",13.1249020329268
"1005","Waltham Forest","Harrow",9.71759856476231
"1006","Waltham Forest","Havering",23.1346139157953
"1007","Waltham Forest","Hillingdon",18.4636218771109
"1008","Waltham Forest","Hounslow",28.6604345585588
"1009","Waltham Forest","Islington",23.6118510664301
"1010","Waltham Forest","Kensington and Chelsea",6.38532000372709
"1011","Waltham Forest","Kingston upon Thames",11.055666109737
"1012","Waltham Forest","Lambeth",22.5748944987913
"1013","Waltham Forest","Lewisham",9.01026982415394
"1014","Waltham Forest","Merton",7.57049871158208
"1015","Waltham Forest","Newham",16.3131822537223
"1016","Waltham Forest","Redbridge",5.16179189935035
"1017","Waltham Forest","Richmond upon Thames",10.920057212792
"1018","Waltham Forest","Southwark",20.9291910165367
"1019","Waltham Forest","Sutton",5.36715226224589
"1020","Waltham Forest","Tower Hamlets",19.7699091300954
"1021","Waltham Forest","Waltham Forest",0
"1022","Waltham Forest","Wandsworth",8.84124380288905
"1023","Waltham Forest","Westminster",12.691750838734
"1024","Wandsworth","Barking and Dagenham",11.541475192184
"1025","Wandsworth","Barne",13.8891407923122
"1026","Wandsworth","Bexley",18.3051603236201
"1027","Wandsworth","Brent",18.1210364344056
"1028","Wandsworth","Bromley",25.0992568456456
"1029","Wandsworth","Camden",11.3486569202789
"1030","Wandsworth","City of London",10.4424241974909
"1031","Wandsworth","Croydon",13.6170920514424
"1032","Wandsworth","Ealing",27.0536446634796
"1033","Wandsworth","Enfield",23.4667824754895
"1034","Wandsworth","Greenwich",8.17690190536328
"1035","Wandsworth","Hackney",14.1201796065246
"1036","Wandsworth","Hammersmith and Fulham",5.82365362402259
"1037","Wandsworth","Haringey",18.1586091150706
"1038","Wandsworth","Harrow",6.58310649049907
"1039","Wandsworth","Havering",22.7719729461538
"1040","Wandsworth","Hillingdon",16.5171989364594
"1041","Wandsworth","Hounslow",30.5825702846554
"1042","Wandsworth","Islington",28.2232411772355
"1043","Wandsworth","Kensington and Chelsea",8.45220792810214
"1044","Wandsworth","Kingston upon Thames",16.177585654971
"1045","Wandsworth","Lambeth",29.8078541661742
"1046","Wandsworth","Lewisham",17.2331049083465
"1047","Wandsworth","Merton",16.2215700088362
"1048","Wandsworth","Newham",24.1563889443984
"1049","Wandsworth","Redbridge",8.23936076791194
"1050","Wandsworth","Richmond upon Thames",6.20339220333452
"1051","Wandsworth","Southwark",26.7556245646334
"1052","Wandsworth","Sutton",13.9905368576555
"1053","Wandsworth","Tower Hamlets",28.2293621414164
"1054","Wandsworth","Waltham Forest",8.84124380288905
"1055","Wandsworth","Wandsworth",0
"1056","Wandsworth","Westminster",19.8677164039453
"1057","Westminster","Barking and Dagenham",24.4209977900021
"1058","Westminster","Barne",18.3228787222309
"1059","Westminster","Bexley",22.8538770850035
"1060","Westminster","Brent",13.1401927014914
"1061","Westminster","Bromley",18.7791001316656
"1062","Westminster","Camden",10.6913682290357
"1063","Westminster","City of London",9.52074207929855
"1064","Westminster","Croydon",7.06739760414193
"1065","Westminster","Ealing",12.7698064238255
"1066","Westminster","Enfield",12.7539986692646
"1067","Westminster","Greenwich",23.1775344164362
"1068","Westminster","Hackney",16.9817843804531
"1069","Westminster","Hammersmith and Fulham",14.0441525780313
"1070","Westminster","Haringey",5.35585234919183
"1071","Westminster","Harrow",16.3360512484335
"1072","Westminster","Havering",19.458680694269
"1073","Westminster","Hillingdon",30.8156671956597
"1074","Westminster","Hounslow",20.5831805834923
"1075","Westminster","Islington",12.6401232009775
"1076","Westminster","Kensington and Chelsea",11.9606063743912
"1077","Westminster","Kingston upon Thames",5.49228918443291
"1078","Westminster","Lambeth",9.9940771034695
"1079","Westminster","Lewisham",4.72227088506654
"1080","Westminster","Merton",11.5385616871105
"1081","Westminster","Newham",4.73736513367464
"1082","Westminster","Redbridge",17.6311101479787
"1083","Westminster","Richmond upon Thames",23.4927830204563
"1084","Westminster","Southwark",8.83032721305312
"1085","Westminster","Sutton",8.17552504373342
"1086","Westminster","Tower Hamlets",10.0164217541427
"1087","Westminster","Waltham Forest",12.691750838734
"1088","Westminster","Wandsworth",19.8677164039453
"1089","Westminster","Westminster",0
